<?xml version="1.0" encoding="UTF-8"?>
<!DOCTYPE suite SYSTEM "https://testng.org/testng-1.0.dtd">
<suite name="Suite">
  <test thread-count="5" name="Test">
    <classes>
      <class name="Ekart.Ekart.AppTest"/>
       <class name="Ekart.Ekart.Add_to_Cart_button"/>
      <class name="Ekart.Ekart.Automate_category_filter"/>
      <class name="Ekart.Ekart.Automate_Checkout_and_Order_Confirmation"/>
      <class name="Ekart.Ekart.Automate_Shopping_Cart"/>
      <class name="Ekart.Ekart.InvalidLogin"/>
      <class name="Ekart.Ekart.ValidLogin"/>
      <class name="Ekart.Ekart.Test_search_bar_functionality"/>
      <class name="Ekart.Ekart.Verify_title_and_other"/>
    </classes>
  </test> <!-- Test -->
</suite> <!-- Suite -->
